<?xml version="1.0" encoding="UTF-8"?>
<rss version="2.0" xmlns:atom="http://www.w3.org/2005/Atom">
  <channel>
    <title>allysson.me | desenvolvedor front end</title>
    <description>Desenvolvedor Front End na Catho Online, guitarrista na banda Affecting Minds e eterno aprendiz no mundo da tecnologia.
</description>
    <link>http://allysson.me/</link>
    <atom:link href="http://allysson.me/feed.xml" rel="self" type="application/rss+xml"/>
    <pubDate>Sun, 03 Apr 2016 15:22:34 -0300</pubDate>
    <lastBuildDate>Sun, 03 Apr 2016 15:22:34 -0300</lastBuildDate>
    <generator>Jekyll v3.1.1</generator>
    
      <item>
        <title>Seletores avançados do CSS - seletores de elementos irmãos e elementos filhos.</title>
        <description>&lt;p&gt;Veja com detalhes o funcionamento dos seletores &quot;~&quot;, &quot;+&quot; e &quot;&gt;&quot;, quando aplicar e seus pontos negativos e positivos.&lt;/p&gt;

&lt;h2 class=&quot;post-subtitle&quot;&gt;O seletor &quot;~&quot;&lt;/h2&gt;

&lt;p&gt;&lt;strong&gt;O seletor &quot;~&quot;&lt;/strong&gt; no css serve para selecionar elementos depois de outros elementos, podemos traduzir o &quot;~&quot; para: &lt;em&gt;&quot;quero pegar todos elementos depois desse elemento&quot;&lt;/em&gt; por exemplo, temos a seguinte marcação HTML:&lt;/p&gt;

&lt;figure class=&quot;highlight&quot;&gt;&lt;pre&gt;&lt;code class=&quot;language-html&quot; data-lang=&quot;html&quot;&gt;&lt;table style=&quot;border-spacing: 0&quot;&gt;&lt;tbody&gt;&lt;tr&gt;&lt;td class=&quot;gutter gl&quot; style=&quot;text-align: right&quot;&gt;&lt;pre class=&quot;lineno&quot;&gt;1
2
3
4
5
6&lt;/pre&gt;&lt;/td&gt;&lt;td class=&quot;code&quot;&gt;&lt;pre&gt;&lt;span class=&quot;nt&quot;&gt;&amp;lt;ul&amp;gt;&lt;/span&gt;
	&lt;span class=&quot;nt&quot;&gt;&amp;lt;li&amp;gt;&lt;/span&gt;Primeiro Item&lt;span class=&quot;nt&quot;&gt;&amp;lt;/li&amp;gt;&lt;/span&gt;
	&lt;span class=&quot;nt&quot;&gt;&amp;lt;li&amp;gt;&lt;/span&gt;Segundo Item&lt;span class=&quot;nt&quot;&gt;&amp;lt;/li&amp;gt;&lt;/span&gt;
	&lt;span class=&quot;nt&quot;&gt;&amp;lt;li&amp;gt;&lt;/span&gt;Terceiro Item&lt;span class=&quot;nt&quot;&gt;&amp;lt;/li&amp;gt;&lt;/span&gt;
	&lt;span class=&quot;nt&quot;&gt;&amp;lt;li&amp;gt;&lt;/span&gt;Quarto Item&lt;span class=&quot;nt&quot;&gt;&amp;lt;/li&amp;gt;&lt;/span&gt;
&lt;span class=&quot;nt&quot;&gt;&amp;lt;/ul&amp;gt;&lt;/span&gt;&lt;span class=&quot;w&quot;&gt;
&lt;/span&gt;&lt;/pre&gt;&lt;/td&gt;&lt;/tr&gt;&lt;/tbody&gt;&lt;/table&gt;&lt;/code&gt;&lt;/pre&gt;&lt;/figure&gt;

&lt;p&gt;Queremos que a partir do segundo item, ele e todos os outros &lt;code class=&quot;code-piece&quot;&gt;li&#39;s&lt;/code&gt; tenham uma &lt;code class=&quot;code-piece&quot;&gt;margin-top&lt;/code&gt; de 10px. poderiamos fazer da seguinte maneira:&lt;/li&gt;

&lt;figure class=&quot;highlight&quot;&gt;&lt;pre&gt;&lt;code class=&quot;language-css&quot; data-lang=&quot;css&quot;&gt;&lt;table style=&quot;border-spacing: 0&quot;&gt;&lt;tbody&gt;&lt;tr&gt;&lt;td class=&quot;gutter gl&quot; style=&quot;text-align: right&quot;&gt;&lt;pre class=&quot;lineno&quot;&gt;1
2
3&lt;/pre&gt;&lt;/td&gt;&lt;td class=&quot;code&quot;&gt;&lt;pre&gt;&lt;span class=&quot;nt&quot;&gt;li&lt;/span&gt; &lt;span class=&quot;o&quot;&gt;~&lt;/span&gt; &lt;span class=&quot;nt&quot;&gt;li&lt;/span&gt; &lt;span class=&quot;p&quot;&gt;{&lt;/span&gt;
	&lt;span class=&quot;nl&quot;&gt;margin-top&lt;/span&gt;&lt;span class=&quot;p&quot;&gt;:&lt;/span&gt; &lt;span class=&quot;m&quot;&gt;10px&lt;/span&gt;&lt;span class=&quot;p&quot;&gt;;&lt;/span&gt;
&lt;span class=&quot;p&quot;&gt;}&lt;/span&gt;&lt;span class=&quot;w&quot;&gt;
&lt;/span&gt;&lt;/pre&gt;&lt;/td&gt;&lt;/tr&gt;&lt;/tbody&gt;&lt;/table&gt;&lt;/code&gt;&lt;/pre&gt;&lt;/figure&gt;

&lt;p&gt;Dessa forma, o primeiro elemento não teria o &lt;code class=&quot;code-piece&quot;&gt;margin-top&lt;/code&gt;, mas o segundo e todos os outros possuiriam essa propriedade.&lt;/p&gt;

&lt;p&gt;Outra forma de ler esse seletor: &lt;em&gt;&quot;Quero pegar todos &lt;code class=&quot;code-piece&quot;&gt;li&#39;s&gt;&lt;/code&gt; que tenha outro &lt;code class=&quot;code-piece&quot;&gt;li&lt;/code&gt; antes dele&quot;&lt;/em&gt;, que no nosso caso, não pegaria o primeiro &lt;code class=&quot;code-piece&quot;&gt;li&lt;/code&gt;, pois não há nenhum &lt;code class=&quot;code-piece&quot;&gt;li&lt;/code&gt; que o precede.&lt;/p&gt;

&lt;p&gt;&lt;strong&gt;Lembre-se bem&lt;/strong&gt;, o &quot;~&quot; seleciona &lt;strong&gt;TODOS&lt;/strong&gt; os elementos depois de outro.&lt;/p&gt;

&lt;p&gt;Agora, um outro caso, temos o seguinte HTML:&lt;/p&gt;

&lt;figure class=&quot;highlight&quot;&gt;&lt;pre&gt;&lt;code class=&quot;language-html&quot; data-lang=&quot;html&quot;&gt;&lt;table style=&quot;border-spacing: 0&quot;&gt;&lt;tbody&gt;&lt;tr&gt;&lt;td class=&quot;gutter gl&quot; style=&quot;text-align: right&quot;&gt;&lt;pre class=&quot;lineno&quot;&gt;1
2
3
4
5
6&lt;/pre&gt;&lt;/td&gt;&lt;td class=&quot;code&quot;&gt;&lt;pre&gt;&lt;span class=&quot;nt&quot;&gt;&amp;lt;img&lt;/span&gt; &lt;span class=&quot;na&quot;&gt;src=&lt;/span&gt;&lt;span class=&quot;s&quot;&gt;&quot;imagem.jpg&quot;&lt;/span&gt;&lt;span class=&quot;nt&quot;&gt;&amp;gt;&lt;/span&gt;
&lt;span class=&quot;nt&quot;&gt;&amp;lt;div&amp;gt;&lt;/span&gt;
	&lt;span class=&quot;nt&quot;&gt;&amp;lt;p&amp;gt;&lt;/span&gt;Lorem ipsum dolor sit amet.&lt;span class=&quot;nt&quot;&gt;&amp;lt;/p&amp;gt;&lt;/span&gt;
	&lt;span class=&quot;nt&quot;&gt;&amp;lt;p&amp;gt;&lt;/span&gt;Lorem ipsum dolor sit amet.&lt;span class=&quot;nt&quot;&gt;&amp;lt;/p&amp;gt;&lt;/span&gt;
	&lt;span class=&quot;nt&quot;&gt;&amp;lt;p&amp;gt;&lt;/span&gt;Lorem ipsum dolor sit amet.&lt;span class=&quot;nt&quot;&gt;&amp;lt;/p&amp;gt;&lt;/span&gt;
&lt;span class=&quot;nt&quot;&gt;&amp;lt;/div&amp;gt;&lt;/span&gt;&lt;span class=&quot;w&quot;&gt;
&lt;/span&gt;&lt;/pre&gt;&lt;/td&gt;&lt;/tr&gt;&lt;/tbody&gt;&lt;/table&gt;&lt;/code&gt;&lt;/pre&gt;&lt;/figure&gt;

&lt;p&gt;E queremos pegar todos os paragrafos depois da imagem. Poderíamos selecioná-lo da seguinte maneira?&lt;/p&gt;

&lt;figure class=&quot;highlight&quot;&gt;&lt;pre&gt;&lt;code class=&quot;language-css&quot; data-lang=&quot;css&quot;&gt;&lt;table style=&quot;border-spacing: 0&quot;&gt;&lt;tbody&gt;&lt;tr&gt;&lt;td class=&quot;gutter gl&quot; style=&quot;text-align: right&quot;&gt;&lt;pre class=&quot;lineno&quot;&gt;1&lt;/pre&gt;&lt;/td&gt;&lt;td class=&quot;code&quot;&gt;&lt;pre&gt;&lt;span class=&quot;nt&quot;&gt;img&lt;/span&gt; &lt;span class=&quot;o&quot;&gt;~&lt;/span&gt; &lt;span class=&quot;nt&quot;&gt;p&lt;/span&gt;&lt;span class=&quot;w&quot;&gt;
&lt;/span&gt;&lt;/pre&gt;&lt;/td&gt;&lt;/tr&gt;&lt;/tbody&gt;&lt;/table&gt;&lt;/code&gt;&lt;/pre&gt;&lt;/figure&gt;

&lt;p&gt;O nosso seletor de &quot;~&quot; iria funcionar nesse caso? A resposta é: &lt;strong&gt;não&lt;/strong&gt;, esse seletor não iria funcionar, pois quem está depois da imagem é a &lt;code class=&quot;code-piece&quot;&gt;div&lt;/code&gt; e dentro da &lt;code class=&quot;code-piece&quot;&gt;div&lt;/code&gt; é que estão os paragrafos, nosso seletor &quot;~&quot; funciona apenas para &lt;strong&gt;selecionar elementos irmãos&lt;/strong&gt;, e não elementos filhos...&lt;/p&gt;

&lt;hr&gt;

&lt;h2 class=&quot;post-subtitle&quot;&gt;O seletor &quot;+&quot;&lt;/h2&gt;

&lt;p&gt;No css, temos o &lt;strong&gt;seletor &quot;+&quot;&lt;/strong&gt; nos permite selecionar um elemento &lt;strong&gt;IMEDIATAMENTE&lt;/strong&gt; depois de outro elemento, por exemplo, temos o seguinte HTML:&lt;/p&gt;

&lt;figure class=&quot;highlight&quot;&gt;&lt;pre&gt;&lt;code class=&quot;language-html&quot; data-lang=&quot;html&quot;&gt;&lt;table style=&quot;border-spacing: 0&quot;&gt;&lt;tbody&gt;&lt;tr&gt;&lt;td class=&quot;gutter gl&quot; style=&quot;text-align: right&quot;&gt;&lt;pre class=&quot;lineno&quot;&gt;1
2
3
4&lt;/pre&gt;&lt;/td&gt;&lt;td class=&quot;code&quot;&gt;&lt;pre&gt;&lt;span class=&quot;nt&quot;&gt;&amp;lt;img&lt;/span&gt; &lt;span class=&quot;na&quot;&gt;src=&lt;/span&gt;&lt;span class=&quot;s&quot;&gt;&quot;imagem.jpg&quot;&lt;/span&gt;&lt;span class=&quot;nt&quot;&gt;&amp;gt;&lt;/span&gt;
&lt;span class=&quot;nt&quot;&gt;&amp;lt;p&amp;gt;&lt;/span&gt;Lorem ipsum dolor sit amet, consectetur adipisicing elit. Temporibus, incidunt.&lt;span class=&quot;nt&quot;&gt;&amp;lt;/p&amp;gt;&lt;/span&gt;
&lt;span class=&quot;nt&quot;&gt;&amp;lt;p&amp;gt;&lt;/span&gt;Lorem ipsum dolor sit amet, consectetur adipisicing elit. Possimus, blanditiis.&lt;span class=&quot;nt&quot;&gt;&amp;lt;/p&amp;gt;&lt;/span&gt;
&lt;span class=&quot;nt&quot;&gt;&amp;lt;p&amp;gt;&lt;/span&gt;Lorem ipsum dolor sit amet, consectetur adipisicing elit. Fugiat, pariatur?&lt;span class=&quot;nt&quot;&gt;&amp;lt;/p&amp;gt;&lt;/span&gt;&lt;span class=&quot;w&quot;&gt;
&lt;/span&gt;&lt;/pre&gt;&lt;/td&gt;&lt;/tr&gt;&lt;/tbody&gt;&lt;/table&gt;&lt;/code&gt;&lt;/pre&gt;&lt;/figure&gt;

&lt;p&gt;Queremos que &lt;strong&gt;apenas o primeiro paragrafo&lt;/strong&gt; seja em negrito. Podemos então selecioná-lo da seguinte maneira:&lt;/p&gt;

&lt;figure class=&quot;highlight&quot;&gt;&lt;pre&gt;&lt;code class=&quot;language-css&quot; data-lang=&quot;css&quot;&gt;&lt;table style=&quot;border-spacing: 0&quot;&gt;&lt;tbody&gt;&lt;tr&gt;&lt;td class=&quot;gutter gl&quot; style=&quot;text-align: right&quot;&gt;&lt;pre class=&quot;lineno&quot;&gt;1
2
3&lt;/pre&gt;&lt;/td&gt;&lt;td class=&quot;code&quot;&gt;&lt;pre&gt;&lt;span class=&quot;nt&quot;&gt;img&lt;/span&gt; &lt;span class=&quot;o&quot;&gt;+&lt;/span&gt; &lt;span class=&quot;nt&quot;&gt;p&lt;/span&gt; &lt;span class=&quot;p&quot;&gt;{&lt;/span&gt;
	&lt;span class=&quot;nl&quot;&gt;font-weight&lt;/span&gt;&lt;span class=&quot;p&quot;&gt;:&lt;/span&gt; &lt;span class=&quot;nb&quot;&gt;bold&lt;/span&gt;&lt;span class=&quot;p&quot;&gt;;&lt;/span&gt;
&lt;span class=&quot;p&quot;&gt;}&lt;/span&gt;&lt;span class=&quot;w&quot;&gt;
&lt;/span&gt;&lt;/pre&gt;&lt;/td&gt;&lt;/tr&gt;&lt;/tbody&gt;&lt;/table&gt;&lt;/code&gt;&lt;/pre&gt;&lt;/figure&gt;

&lt;p&gt;Lembre-se, o &quot;+&quot; pega o elemento &lt;strong&gt;IMEDIATAMENTE&lt;/strong&gt; após, então ele não funcionaria em um caso como esse, onde queremos selecionar o primeiro paragrafo após a imagem:&lt;/p&gt;

&lt;figure class=&quot;highlight&quot;&gt;&lt;pre&gt;&lt;code class=&quot;language-html&quot; data-lang=&quot;html&quot;&gt;&lt;table style=&quot;border-spacing: 0&quot;&gt;&lt;tbody&gt;&lt;tr&gt;&lt;td class=&quot;gutter gl&quot; style=&quot;text-align: right&quot;&gt;&lt;pre class=&quot;lineno&quot;&gt;1
2
3
4
5&lt;/pre&gt;&lt;/td&gt;&lt;td class=&quot;code&quot;&gt;&lt;pre&gt;&lt;span class=&quot;nt&quot;&gt;&amp;lt;img&lt;/span&gt; &lt;span class=&quot;na&quot;&gt;src=&lt;/span&gt;&lt;span class=&quot;s&quot;&gt;&quot;imagem.jpg&quot;&lt;/span&gt;&lt;span class=&quot;nt&quot;&gt;&amp;gt;&lt;/span&gt;
&lt;span class=&quot;nt&quot;&gt;&amp;lt;div&amp;gt;&lt;/span&gt;
	&lt;span class=&quot;nt&quot;&gt;&amp;lt;p&amp;gt;&lt;/span&gt;Lorem ipsum dolor sit amet, consectetur.&lt;span class=&quot;nt&quot;&gt;&amp;lt;/p&amp;gt;&lt;/span&gt;
	&lt;span class=&quot;nt&quot;&gt;&amp;lt;p&amp;gt;&lt;/span&gt;Lorem ipsum dolor sit amet, consectetur.&lt;span class=&quot;nt&quot;&gt;&amp;lt;/p&amp;gt;&lt;/span&gt;
&lt;span class=&quot;nt&quot;&gt;&amp;lt;/div&amp;gt;&lt;/span&gt;&lt;span class=&quot;w&quot;&gt;
&lt;/span&gt;&lt;/pre&gt;&lt;/td&gt;&lt;/tr&gt;&lt;/tbody&gt;&lt;/table&gt;&lt;/code&gt;&lt;/pre&gt;&lt;/figure&gt;

&lt;hr&gt;

&lt;h2 class=&quot;post-subtitle&quot;&gt;O seletor &quot;&gt;&quot;&lt;/h2&gt;

&lt;p&gt;Esse seletor nos permite selecionar elementos &lt;strong&gt;PAI e FILHOS&lt;/strong&gt;, não seleciona elementos netos, apenas elementos filhos, por exemplo, temos o seguinte HTML:&lt;/p&gt;

&lt;figure class=&quot;highlight&quot;&gt;&lt;pre&gt;&lt;code class=&quot;language-html&quot; data-lang=&quot;html&quot;&gt;&lt;table style=&quot;border-spacing: 0&quot;&gt;&lt;tbody&gt;&lt;tr&gt;&lt;td class=&quot;gutter gl&quot; style=&quot;text-align: right&quot;&gt;&lt;pre class=&quot;lineno&quot;&gt;1
2
3
4
5
6
7&lt;/pre&gt;&lt;/td&gt;&lt;td class=&quot;code&quot;&gt;&lt;pre&gt;&lt;span class=&quot;nt&quot;&gt;&amp;lt;div&amp;gt;&lt;/span&gt;
	&lt;span class=&quot;nt&quot;&gt;&amp;lt;p&amp;gt;&lt;/span&gt;Lorem ipsum.&lt;span class=&quot;nt&quot;&gt;&amp;lt;/p&amp;gt;&lt;/span&gt; &lt;span class=&quot;c&quot;&gt;&amp;lt;!-- filho de div --&amp;gt;&lt;/span&gt;
	&lt;span class=&quot;nt&quot;&gt;&amp;lt;blockquote&amp;gt;&lt;/span&gt;
		&lt;span class=&quot;nt&quot;&gt;&amp;lt;p&amp;gt;&lt;/span&gt;Lorem ipsum.&lt;span class=&quot;nt&quot;&gt;&amp;lt;/p&amp;gt;&lt;/span&gt; &lt;span class=&quot;c&quot;&gt;&amp;lt;!-- neto de div --&amp;gt;&lt;/span&gt;
	&lt;span class=&quot;nt&quot;&gt;&amp;lt;/blockquote&amp;gt;&lt;/span&gt;
	&lt;span class=&quot;nt&quot;&gt;&amp;lt;p&amp;gt;&lt;/span&gt;Lorem ipsum.&lt;span class=&quot;nt&quot;&gt;&amp;lt;/p&amp;gt;&lt;/span&gt; &lt;span class=&quot;c&quot;&gt;&amp;lt;!-- filho de div --&amp;gt;&lt;/span&gt;
&lt;span class=&quot;nt&quot;&gt;&amp;lt;/div&amp;gt;&lt;/span&gt;&lt;span class=&quot;w&quot;&gt;
&lt;/span&gt;&lt;/pre&gt;&lt;/td&gt;&lt;/tr&gt;&lt;/tbody&gt;&lt;/table&gt;&lt;/code&gt;&lt;/pre&gt;&lt;/figure&gt;


&lt;p&gt;Queremos pegar os &lt;code class=&quot;code-piece&quot;&gt;p&lt;/code&gt; que são filhos da &lt;code class=&quot;code-piece&quot;&gt;div&lt;/code&gt; e não netos, como é o caso do &lt;code class=&quot;code-piece&quot;&gt;p&lt;/code&gt; que está dentro do &lt;code class=&quot;code-piece&quot;&gt;blockquote&lt;/code&gt;. Para pegar esses paragrafos que são filhos da &lt;code class=&quot;code-piece&quot;&gt;div&lt;/code&gt; e aplicarmos um estilo de &lt;code class=&quot;code-piece&quot;&gt;text-decoration: underline;&lt;/code&gt; podemos selecioná-los da seguinte forma:&lt;/p&gt;

&lt;figure class=&quot;highlight&quot;&gt;&lt;pre&gt;&lt;code class=&quot;language-css&quot; data-lang=&quot;css&quot;&gt;&lt;table style=&quot;border-spacing: 0&quot;&gt;&lt;tbody&gt;&lt;tr&gt;&lt;td class=&quot;gutter gl&quot; style=&quot;text-align: right&quot;&gt;&lt;pre class=&quot;lineno&quot;&gt;1
2
3&lt;/pre&gt;&lt;/td&gt;&lt;td class=&quot;code&quot;&gt;&lt;pre&gt;&lt;span class=&quot;nt&quot;&gt;div&lt;/span&gt; &lt;span class=&quot;o&quot;&gt;&amp;gt;&lt;/span&gt; &lt;span class=&quot;nt&quot;&gt;p&lt;/span&gt; &lt;span class=&quot;p&quot;&gt;{&lt;/span&gt;
	&lt;span class=&quot;nl&quot;&gt;text-decoration&lt;/span&gt;&lt;span class=&quot;p&quot;&gt;:&lt;/span&gt; &lt;span class=&quot;nb&quot;&gt;underline&lt;/span&gt;&lt;span class=&quot;p&quot;&gt;;&lt;/span&gt;
&lt;span class=&quot;p&quot;&gt;}&lt;/span&gt;&lt;span class=&quot;w&quot;&gt;
&lt;/span&gt;&lt;/pre&gt;&lt;/td&gt;&lt;/tr&gt;&lt;/tbody&gt;&lt;/table&gt;&lt;/code&gt;&lt;/pre&gt;&lt;/figure&gt;

&lt;p&gt;Dessa maneira, todos os &lt;code class=&quot;code-piece&quot;&gt;p&lt;/code&gt; que são filhos da &lt;code class=&quot;code-piece&quot;&gt;div&lt;/code&gt; receberão o estilo.&lt;/p&gt;

&lt;h2 class=&quot;post-subtitle&quot;&gt;Conclusão&lt;/h2&gt;

&lt;p&gt;Os seletores de elementos que vimos hoje nos dão bastante poder, pois podemos &lt;strong&gt;combiná-los&lt;/strong&gt; para pegar elementos específicos, como por exemplo, &lt;code class=&quot;code-piece&quot;&gt;.noticias &gt; h1 + p&lt;/code&gt; esse seletor seleciona exatamente todos os paragrafos que estão imediatamente depois de todos os &lt;code class=&quot;code-piece&quot;&gt;h1&lt;/code&gt; que são filhos de &lt;code class=&quot;code-piece&quot;&gt;.noticias&lt;/code&gt;. Bastante útil quando não podemos &lt;em&gt;alterar nada no HTML&lt;/em&gt; ou temos acesso apenas aos arquivos de CSS.&lt;/p&gt;

&lt;p&gt;Porém, sua &lt;strong&gt;compreensão é bastante difícil&lt;/strong&gt;, não conseguimos bater o olho nesse seletor e já saber o que ele está selecionando. Outro ponto negativo é a sua &lt;strong&gt;performance&lt;/strong&gt;, o navegador lê os elementos selecionados da &lt;em&gt;direita para esquerda&lt;/em&gt;, então ele teria um trabalho relativamente grande para capturar esses elementos, pois teria que achar todos os &lt;code class=&quot;code-piece&quot;&gt;p&lt;/code&gt; da página, depois selecionar apenas os que estão imediatamente depois de um &lt;code class=&quot;code-piece&quot;&gt;h1&lt;/code&gt; e depois ainda selecionar todos os &lt;code class=&quot;code-piece&quot;&gt;h1&lt;/code&gt; mas pegar apenas os que são filhos de &lt;code class=&quot;code-piece&quot;&gt;.noticias&lt;/code&gt;, ou seja, muito custoso para o navegador.&lt;/p&gt;

&lt;p&gt;Mas o ponto que mais me incomoda, é que caso esse &lt;code class=&quot;code-piece&quot;&gt;h1&lt;/code&gt; venha a ser &lt;code class=&quot;code-piece&quot;&gt;h2&lt;/code&gt; nosso código CSS não funcionará mais. Nosso CSS é &lt;strong&gt;dependente da estrutura atual do HTML&lt;/strong&gt;, caso ela mude, nosso CSS quebra.&lt;/p&gt;

&lt;p&gt;Então, &lt;strong&gt;use com cuidado!&lt;/strong&gt;&lt;/p&gt;</description>
        <pubDate>Sun, 03 Apr 2016 00:00:00 -0300</pubDate>
        <link>http://allysson.me/css/seletores-avancados-css.html</link>
        <guid isPermaLink="true">http://allysson.me/css/seletores-avancados-css.html</guid>
        
        
        <category>CSS</category>
        
      </item>
    
      <item>
        <title>Transform do CSS3 - O que é possivel fazer?</title>
        <description>&lt;p&gt;O &lt;strong&gt;transform&lt;/strong&gt; é uma propriedade do &lt;em&gt;CSS3&lt;/em&gt; que permite adicionar efeitos 2D e 3D em algum elemento, desde que o mesmo tenha um display &lt;strong&gt;diferente&lt;/strong&gt; de &quot;inline&quot;&lt;/p&gt;

&lt;p&gt;Existem diversos métodos do transform para aplicar efeitos 2D, que são os: &lt;/p&gt;
&lt;h2&gt;Transforms 2D&lt;/h2&gt;
&lt;ul class=&quot;post-list&quot;&gt;
	&lt;li class=&quot;post-list-item&quot;&gt;translate&lt;/li&gt;
	&lt;li class=&quot;post-list-item&quot;&gt;rotate&lt;/li&gt;
	&lt;li class=&quot;post-list-item&quot;&gt;scale&lt;/li&gt;
	&lt;li class=&quot;post-list-item&quot;&gt;skew&lt;/li&gt;
	&lt;li class=&quot;post-list-item&quot;&gt;matrix&lt;/li&gt;
&lt;/ul&gt;

&lt;h3&gt;O método translate&lt;/h3&gt;

&lt;p&gt;O translate permite que você &lt;strong&gt;desloque um elemento&lt;/strong&gt; para qualquer lado de sua posição inicial, de acordo com os parâmetros passados para o eixo X e o eixo Y. Ex: &lt;code class=&quot;code-piece&quot;&gt;transform: translate(x,y);&lt;/code&gt;&lt;/p&gt;
&lt;p&gt;No exemplo abaixo, movemos o elemento para 50px a direita e 50px para baixo, (coloque o cursor em cima para ver o efeito!)&lt;/p&gt;

&lt;div class=&quot;transform translate&quot;&gt;Coloque o mouse aqui!&lt;/div&gt;

&lt;figure class=&quot;highlight&quot;&gt;&lt;pre&gt;&lt;code class=&quot;language-css&quot; data-lang=&quot;css&quot;&gt;&lt;table style=&quot;border-spacing: 0&quot;&gt;&lt;tbody&gt;&lt;tr&gt;&lt;td class=&quot;gutter gl&quot; style=&quot;text-align: right&quot;&gt;&lt;pre class=&quot;lineno&quot;&gt;1
2
3
4
5
6
7
8
9
10
11
12&lt;/pre&gt;&lt;/td&gt;&lt;td class=&quot;code&quot;&gt;&lt;pre&gt;&lt;span class=&quot;nc&quot;&gt;.translate&lt;/span&gt; &lt;span class=&quot;p&quot;&gt;{&lt;/span&gt;
	&lt;span class=&quot;nl&quot;&gt;width&lt;/span&gt;&lt;span class=&quot;p&quot;&gt;:&lt;/span&gt; &lt;span class=&quot;m&quot;&gt;100px&lt;/span&gt;&lt;span class=&quot;p&quot;&gt;;&lt;/span&gt;
	&lt;span class=&quot;nl&quot;&gt;height&lt;/span&gt;&lt;span class=&quot;p&quot;&gt;:&lt;/span&gt; &lt;span class=&quot;m&quot;&gt;100px&lt;/span&gt;&lt;span class=&quot;p&quot;&gt;;&lt;/span&gt;
	&lt;span class=&quot;nl&quot;&gt;background-color&lt;/span&gt;&lt;span class=&quot;p&quot;&gt;:&lt;/span&gt; &lt;span class=&quot;no&quot;&gt;yellow&lt;/span&gt;&lt;span class=&quot;p&quot;&gt;;&lt;/span&gt;
	&lt;span class=&quot;nl&quot;&gt;border&lt;/span&gt;&lt;span class=&quot;p&quot;&gt;:&lt;/span&gt; &lt;span class=&quot;m&quot;&gt;1px&lt;/span&gt; &lt;span class=&quot;nb&quot;&gt;solid&lt;/span&gt; &lt;span class=&quot;m&quot;&gt;#ccc&lt;/span&gt;&lt;span class=&quot;p&quot;&gt;;&lt;/span&gt;
	&lt;span class=&quot;nl&quot;&gt;text-align&lt;/span&gt;&lt;span class=&quot;p&quot;&gt;:&lt;/span&gt; &lt;span class=&quot;nb&quot;&gt;center&lt;/span&gt;&lt;span class=&quot;p&quot;&gt;;&lt;/span&gt;
	&lt;span class=&quot;nl&quot;&gt;padding&lt;/span&gt;&lt;span class=&quot;p&quot;&gt;:&lt;/span&gt; &lt;span class=&quot;m&quot;&gt;10px&lt;/span&gt;&lt;span class=&quot;p&quot;&gt;;&lt;/span&gt;
	&lt;span class=&quot;nl&quot;&gt;transition&lt;/span&gt;&lt;span class=&quot;p&quot;&gt;:&lt;/span&gt; &lt;span class=&quot;n&quot;&gt;transform&lt;/span&gt; &lt;span class=&quot;m&quot;&gt;1s&lt;/span&gt;&lt;span class=&quot;p&quot;&gt;;&lt;/span&gt;
&lt;span class=&quot;p&quot;&gt;}&lt;/span&gt;
&lt;span class=&quot;nc&quot;&gt;.translate&lt;/span&gt;&lt;span class=&quot;nd&quot;&gt;:hover&lt;/span&gt; &lt;span class=&quot;p&quot;&gt;{&lt;/span&gt;
	&lt;span class=&quot;nl&quot;&gt;transform&lt;/span&gt;&lt;span class=&quot;p&quot;&gt;:&lt;/span&gt; &lt;span class=&quot;n&quot;&gt;translate&lt;/span&gt;&lt;span class=&quot;p&quot;&gt;(&lt;/span&gt;&lt;span class=&quot;m&quot;&gt;50px&lt;/span&gt;&lt;span class=&quot;p&quot;&gt;,&lt;/span&gt; &lt;span class=&quot;m&quot;&gt;50px&lt;/span&gt;&lt;span class=&quot;p&quot;&gt;);&lt;/span&gt; &lt;span class=&quot;err&quot;&gt;//&lt;/span&gt; &lt;span class=&quot;err&quot;&gt;arrasta&lt;/span&gt; &lt;span class=&quot;err&quot;&gt;o&lt;/span&gt; &lt;span class=&quot;err&quot;&gt;elemento&lt;/span&gt; &lt;span class=&quot;err&quot;&gt;50px&lt;/span&gt; &lt;span class=&quot;err&quot;&gt;para&lt;/span&gt; &lt;span class=&quot;err&quot;&gt;direita&lt;/span&gt; &lt;span class=&quot;err&quot;&gt;e&lt;/span&gt; &lt;span class=&quot;err&quot;&gt;50px&lt;/span&gt; &lt;span class=&quot;err&quot;&gt;para&lt;/span&gt; &lt;span class=&quot;err&quot;&gt;baixo&lt;/span&gt;
&lt;span class=&quot;p&quot;&gt;}&lt;/span&gt;&lt;span class=&quot;w&quot;&gt;
&lt;/span&gt;&lt;/pre&gt;&lt;/td&gt;&lt;/tr&gt;&lt;/tbody&gt;&lt;/table&gt;&lt;/code&gt;&lt;/pre&gt;&lt;/figure&gt;

&lt;p&gt;Também existem os métodos &lt;strong&gt;translateX&lt;/strong&gt; e &lt;strong&gt;translateY&lt;/strong&gt;, que recebem apenas um parâmetro, o do seu respectivo eixo. em: &lt;code class=&quot;code-piece&quot;&gt;transform: translateX(10px);&lt;/code&gt; irá mover o elemento 10px para direita, &lt;code class=&quot;code-piece&quot;&gt;transform: translateY(10px);&lt;/code&gt; irá mover o 10px para baixo.&lt;/p&gt;

&lt;hr&gt;

&lt;h3&gt;O método rotate&lt;/h3&gt;

&lt;p&gt;Como o próprio nome diz, o método rotate serve para você rotacionar um objeto em X graus, no eixo X você pode rotacionar no sentido horário ou anti-horário, no eixo Y você pode rotacionar e virar o elemento do lado ao contrário.&lt;/p&gt;

&lt;p&gt;Para rotacionar no &lt;strong&gt;sentido horário&lt;/strong&gt;, basta passar o parâmetro com um numero &lt;strong&gt;positivo&lt;/strong&gt;, ex: &lt;code class=&quot;code-piece&quot;&gt;transform: rotateX(20deg);&lt;/code&gt; o &quot;deg&quot; é de &lt;em&gt;degree&lt;/em&gt; que significa &quot;grau&quot; em português.&lt;/p&gt;
&lt;p&gt;Para rotacionar no &lt;strong&gt;sentido anti-horario&lt;/strong&gt;, basta passar um valor &lt;strong&gt;negativo&lt;/strong&gt;, ex &lt;code class=&quot;code-piece&quot;&gt;(-20deg)&lt;/code&gt;.&lt;/p&gt;

&lt;p&gt;Se você declarar apenas um parâmetro &lt;code class=&quot;code-piece&quot;&gt;transform: rotate(25deg);&lt;/code&gt; o efeito será aplicado apenas no eixo X, caso queira aplicar o efeito no eixo Y é necessário passar: &lt;code class=&quot;code-piece&quot;&gt;transform: rotateY(25deg);&lt;/code&gt;.&lt;/p&gt;

&lt;p&gt;No exemplo abaixo, rotacionaremos o primeiro elemento em 25 graus no &lt;strong&gt;sentido horário&lt;/strong&gt; e o segundo elemento 25 graus no &lt;strong&gt;sentido anti-horário&lt;/strong&gt;, os dois ultimos elementos são rotações no eixo Y.&lt;/p&gt;
&lt;div class=&quot;transform rotate&quot;&gt;Sentido horário&lt;/div&gt;
&lt;div class=&quot;transform rotate-anti-horario&quot;&gt;Sentido anti-horário&lt;/div&gt;
&lt;div class=&quot;transform rotateY&quot;&gt;Eixo Y&lt;/div&gt;
&lt;div class=&quot;transform rotateY-negativo&quot;&gt;Eixo Y com valor negativo&lt;/div&gt;

&lt;figure class=&quot;highlight&quot;&gt;&lt;pre&gt;&lt;code class=&quot;language-css&quot; data-lang=&quot;css&quot;&gt;&lt;table style=&quot;border-spacing: 0&quot;&gt;&lt;tbody&gt;&lt;tr&gt;&lt;td class=&quot;gutter gl&quot; style=&quot;text-align: right&quot;&gt;&lt;pre class=&quot;lineno&quot;&gt;1
2
3
4
5
6
7
8
9
10
11
12
13
14
15&lt;/pre&gt;&lt;/td&gt;&lt;td class=&quot;code&quot;&gt;&lt;pre&gt;&lt;span class=&quot;nc&quot;&gt;.rotate&lt;/span&gt;&lt;span class=&quot;nd&quot;&gt;:hover&lt;/span&gt; &lt;span class=&quot;p&quot;&gt;{&lt;/span&gt;
	&lt;span class=&quot;nl&quot;&gt;transform&lt;/span&gt;&lt;span class=&quot;p&quot;&gt;:&lt;/span&gt; &lt;span class=&quot;n&quot;&gt;rotateX&lt;/span&gt;&lt;span class=&quot;p&quot;&gt;(&lt;/span&gt;&lt;span class=&quot;m&quot;&gt;25deg&lt;/span&gt;&lt;span class=&quot;p&quot;&gt;);&lt;/span&gt; &lt;span class=&quot;err&quot;&gt;//&lt;/span&gt; &lt;span class=&quot;err&quot;&gt;rotaciona&lt;/span&gt; &lt;span class=&quot;err&quot;&gt;o&lt;/span&gt; &lt;span class=&quot;err&quot;&gt;elemento&lt;/span&gt; &lt;span class=&quot;err&quot;&gt;em&lt;/span&gt; &lt;span class=&quot;err&quot;&gt;25&lt;/span&gt; &lt;span class=&quot;err&quot;&gt;graus&lt;/span&gt; &lt;span class=&quot;err&quot;&gt;no&lt;/span&gt; &lt;span class=&quot;err&quot;&gt;sentido&lt;/span&gt; &lt;span class=&quot;err&quot;&gt;horário&lt;/span&gt;
&lt;span class=&quot;p&quot;&gt;}&lt;/span&gt;

&lt;span class=&quot;nc&quot;&gt;.rotate-anti-horario&lt;/span&gt;&lt;span class=&quot;nd&quot;&gt;:hover&lt;/span&gt; &lt;span class=&quot;p&quot;&gt;{&lt;/span&gt;
	&lt;span class=&quot;nl&quot;&gt;transform&lt;/span&gt;&lt;span class=&quot;p&quot;&gt;:&lt;/span&gt; &lt;span class=&quot;n&quot;&gt;rotateX&lt;/span&gt;&lt;span class=&quot;p&quot;&gt;(&lt;/span&gt;&lt;span class=&quot;m&quot;&gt;-25deg&lt;/span&gt;&lt;span class=&quot;p&quot;&gt;);&lt;/span&gt; &lt;span class=&quot;err&quot;&gt;//&lt;/span&gt; &lt;span class=&quot;err&quot;&gt;rotaciona&lt;/span&gt; &lt;span class=&quot;err&quot;&gt;o&lt;/span&gt; &lt;span class=&quot;err&quot;&gt;elemento&lt;/span&gt; &lt;span class=&quot;err&quot;&gt;em&lt;/span&gt; &lt;span class=&quot;err&quot;&gt;25&lt;/span&gt; &lt;span class=&quot;err&quot;&gt;graus&lt;/span&gt; &lt;span class=&quot;err&quot;&gt;no&lt;/span&gt; &lt;span class=&quot;err&quot;&gt;sentido&lt;/span&gt; &lt;span class=&quot;err&quot;&gt;anti-horário&lt;/span&gt;
&lt;span class=&quot;p&quot;&gt;}&lt;/span&gt;

&lt;span class=&quot;nc&quot;&gt;.rotateY&lt;/span&gt;&lt;span class=&quot;nd&quot;&gt;:hover&lt;/span&gt; &lt;span class=&quot;p&quot;&gt;{&lt;/span&gt;
	&lt;span class=&quot;nl&quot;&gt;transform&lt;/span&gt;&lt;span class=&quot;p&quot;&gt;:&lt;/span&gt; &lt;span class=&quot;n&quot;&gt;rotateY&lt;/span&gt;&lt;span class=&quot;p&quot;&gt;(&lt;/span&gt;&lt;span class=&quot;m&quot;&gt;180deg&lt;/span&gt;&lt;span class=&quot;p&quot;&gt;);&lt;/span&gt; &lt;span class=&quot;err&quot;&gt;//&lt;/span&gt; &lt;span class=&quot;err&quot;&gt;rotaciona&lt;/span&gt; &lt;span class=&quot;err&quot;&gt;o&lt;/span&gt; &lt;span class=&quot;err&quot;&gt;elemento&lt;/span&gt; &lt;span class=&quot;err&quot;&gt;180&lt;/span&gt; &lt;span class=&quot;err&quot;&gt;graus&lt;/span&gt; &lt;span class=&quot;err&quot;&gt;no&lt;/span&gt; &lt;span class=&quot;err&quot;&gt;eixo&lt;/span&gt; &lt;span class=&quot;err&quot;&gt;Y;&lt;/span&gt;
&lt;span class=&quot;p&quot;&gt;}&lt;/span&gt;

&lt;span class=&quot;nc&quot;&gt;.rotateY-negativo&lt;/span&gt;&lt;span class=&quot;nd&quot;&gt;:hover&lt;/span&gt; &lt;span class=&quot;p&quot;&gt;{&lt;/span&gt;
	&lt;span class=&quot;nl&quot;&gt;transform&lt;/span&gt;&lt;span class=&quot;p&quot;&gt;:&lt;/span&gt; &lt;span class=&quot;n&quot;&gt;rotateY&lt;/span&gt;&lt;span class=&quot;p&quot;&gt;(&lt;/span&gt;&lt;span class=&quot;m&quot;&gt;-160deg&lt;/span&gt;&lt;span class=&quot;p&quot;&gt;);&lt;/span&gt; &lt;span class=&quot;err&quot;&gt;//&lt;/span&gt; &lt;span class=&quot;err&quot;&gt;rotaciona&lt;/span&gt; &lt;span class=&quot;err&quot;&gt;o&lt;/span&gt; &lt;span class=&quot;err&quot;&gt;elemento&lt;/span&gt; &lt;span class=&quot;err&quot;&gt;160&lt;/span&gt; &lt;span class=&quot;err&quot;&gt;graus&lt;/span&gt; &lt;span class=&quot;err&quot;&gt;no&lt;/span&gt; &lt;span class=&quot;err&quot;&gt;eixo&lt;/span&gt; &lt;span class=&quot;err&quot;&gt;Y&lt;/span&gt; &lt;span class=&quot;err&quot;&gt;no&lt;/span&gt; &lt;span class=&quot;err&quot;&gt;sentido&lt;/span&gt; &lt;span class=&quot;err&quot;&gt;contrário;&lt;/span&gt;
&lt;span class=&quot;p&quot;&gt;}&lt;/span&gt;&lt;span class=&quot;w&quot;&gt;
&lt;/span&gt;&lt;/pre&gt;&lt;/td&gt;&lt;/tr&gt;&lt;/tbody&gt;&lt;/table&gt;&lt;/code&gt;&lt;/pre&gt;&lt;/figure&gt;

&lt;hr&gt;

&lt;h3&gt;O método scale&lt;/h3&gt;

&lt;p&gt;O &lt;strong&gt;scale&lt;/strong&gt; serve justamente para alterar a escala do elemento, você pode &lt;strong&gt;aumentar&lt;/strong&gt; ou &lt;strong&gt;diminuir&lt;/strong&gt; o tamanho do elemento selecionado, como se estivesse alterando o &lt;em&gt;width&lt;/em&gt; e o &lt;em&gt;height&lt;/em&gt; do mesmo, utilizando &lt;code class=&quot;code-piece&quot;&gt;transform: scale(width, height)&lt;/code&gt;, por exemplo:&lt;/p&gt;

&lt;figure class=&quot;highlight&quot;&gt;&lt;pre&gt;&lt;code class=&quot;language-css&quot; data-lang=&quot;css&quot;&gt;&lt;table style=&quot;border-spacing: 0&quot;&gt;&lt;tbody&gt;&lt;tr&gt;&lt;td class=&quot;gutter gl&quot; style=&quot;text-align: right&quot;&gt;&lt;pre class=&quot;lineno&quot;&gt;1
2
3
4
5
6&lt;/pre&gt;&lt;/td&gt;&lt;td class=&quot;code&quot;&gt;&lt;pre&gt;&lt;span class=&quot;nc&quot;&gt;.scale&lt;/span&gt; &lt;span class=&quot;p&quot;&gt;{&lt;/span&gt;
	&lt;span class=&quot;nl&quot;&gt;transform&lt;/span&gt;&lt;span class=&quot;p&quot;&gt;:&lt;/span&gt; &lt;span class=&quot;n&quot;&gt;scale&lt;/span&gt;&lt;span class=&quot;p&quot;&gt;(&lt;/span&gt;&lt;span class=&quot;m&quot;&gt;2&lt;/span&gt;&lt;span class=&quot;p&quot;&gt;);&lt;/span&gt; &lt;span class=&quot;err&quot;&gt;//&lt;/span&gt; &lt;span class=&quot;err&quot;&gt;aumenta&lt;/span&gt; &lt;span class=&quot;err&quot;&gt;2x&lt;/span&gt; &lt;span class=&quot;err&quot;&gt;o&lt;/span&gt; &lt;span class=&quot;err&quot;&gt;width&lt;/span&gt; &lt;span class=&quot;err&quot;&gt;e&lt;/span&gt; &lt;span class=&quot;err&quot;&gt;2x&lt;/span&gt; &lt;span class=&quot;err&quot;&gt;o&lt;/span&gt; &lt;span class=&quot;err&quot;&gt;height&lt;/span&gt; &lt;span class=&quot;err&quot;&gt;do&lt;/span&gt; &lt;span class=&quot;err&quot;&gt;elemento&lt;/span&gt;
&lt;span class=&quot;p&quot;&gt;}&lt;/span&gt;
&lt;span class=&quot;nc&quot;&gt;.scale&lt;/span&gt; &lt;span class=&quot;p&quot;&gt;{&lt;/span&gt;
	&lt;span class=&quot;nl&quot;&gt;transform&lt;/span&gt;&lt;span class=&quot;p&quot;&gt;:&lt;/span&gt; &lt;span class=&quot;n&quot;&gt;scale&lt;/span&gt;&lt;span class=&quot;p&quot;&gt;(&lt;/span&gt;&lt;span class=&quot;m&quot;&gt;2&lt;/span&gt;&lt;span class=&quot;p&quot;&gt;,&lt;/span&gt; &lt;span class=&quot;m&quot;&gt;5&lt;/span&gt;&lt;span class=&quot;p&quot;&gt;);&lt;/span&gt; &lt;span class=&quot;err&quot;&gt;//&lt;/span&gt; &lt;span class=&quot;err&quot;&gt;aumenta&lt;/span&gt; &lt;span class=&quot;err&quot;&gt;o&lt;/span&gt; &lt;span class=&quot;err&quot;&gt;width&lt;/span&gt; &lt;span class=&quot;err&quot;&gt;em&lt;/span&gt; &lt;span class=&quot;err&quot;&gt;2x&lt;/span&gt; &lt;span class=&quot;err&quot;&gt;e&lt;/span&gt; &lt;span class=&quot;err&quot;&gt;o&lt;/span&gt; &lt;span class=&quot;err&quot;&gt;height&lt;/span&gt; &lt;span class=&quot;err&quot;&gt;em&lt;/span&gt; &lt;span class=&quot;err&quot;&gt;5x;&lt;/span&gt;
&lt;span class=&quot;p&quot;&gt;}&lt;/span&gt;&lt;span class=&quot;w&quot;&gt;
&lt;/span&gt;&lt;/pre&gt;&lt;/td&gt;&lt;/tr&gt;&lt;/tbody&gt;&lt;/table&gt;&lt;/code&gt;&lt;/pre&gt;&lt;/figure&gt;


&lt;p&gt;Porém, se você declarar um &lt;code class=&quot;code-piece&quot;&gt;scale(1)&lt;/code&gt; o elemento não sofrerá &lt;strong&gt;nenhuma alteração&lt;/strong&gt;, pois esse é o valor padrão que o &lt;em&gt;scale&lt;/em&gt; possui, caso você declare &lt;code class=&quot;code-piece&quot;&gt;transform: scale(2)&lt;/code&gt;, o elemento ficará com o &lt;strong&gt;dobro de seu tamanho&lt;/strong&gt;, &lt;code class=&quot;code-piece&quot;&gt;scale(1.5)&lt;/code&gt;, ele aumentará 50%, e assim por diante, exceto o &lt;code class=&quot;code-piece&quot;&gt;scale(0)&lt;/code&gt; pois faz com que o elemento &lt;strong&gt;não fique visível&lt;/strong&gt;...&lt;/p&gt;
&lt;p&gt;Caso você utilize um valor negativo, o elemento diminui e &lt;del&gt;estranhamente&lt;/del&gt; também aumenta de tamanho, porém ele ficará de &lt;strong&gt;cabeça para baixo!&lt;/strong&gt; por exemplo:&lt;/p&gt;

&lt;figure class=&quot;highlight&quot;&gt;&lt;pre&gt;&lt;code class=&quot;language-css&quot; data-lang=&quot;css&quot;&gt;&lt;table style=&quot;border-spacing: 0&quot;&gt;&lt;tbody&gt;&lt;tr&gt;&lt;td class=&quot;gutter gl&quot; style=&quot;text-align: right&quot;&gt;&lt;pre class=&quot;lineno&quot;&gt;1
2
3&lt;/pre&gt;&lt;/td&gt;&lt;td class=&quot;code&quot;&gt;&lt;pre&gt;&lt;span class=&quot;nc&quot;&gt;.scale&lt;/span&gt; &lt;span class=&quot;p&quot;&gt;{&lt;/span&gt;
	&lt;span class=&quot;nl&quot;&gt;transform&lt;/span&gt;&lt;span class=&quot;p&quot;&gt;:&lt;/span&gt; &lt;span class=&quot;n&quot;&gt;scale&lt;/span&gt;&lt;span class=&quot;p&quot;&gt;(&lt;/span&gt;&lt;span class=&quot;m&quot;&gt;-1&lt;/span&gt;&lt;span class=&quot;p&quot;&gt;);&lt;/span&gt; &lt;span class=&quot;err&quot;&gt;//&lt;/span&gt; &lt;span class=&quot;err&quot;&gt;O&lt;/span&gt; &lt;span class=&quot;err&quot;&gt;elemento&lt;/span&gt; &lt;span class=&quot;err&quot;&gt;continuará&lt;/span&gt; &lt;span class=&quot;err&quot;&gt;com&lt;/span&gt; &lt;span class=&quot;err&quot;&gt;o&lt;/span&gt; &lt;span class=&quot;err&quot;&gt;mesmo&lt;/span&gt; &lt;span class=&quot;err&quot;&gt;tamanho,&lt;/span&gt; &lt;span class=&quot;err&quot;&gt;mas&lt;/span&gt; &lt;span class=&quot;err&quot;&gt;ficará&lt;/span&gt; &lt;span class=&quot;err&quot;&gt;de&lt;/span&gt; &lt;span class=&quot;err&quot;&gt;cabeça&lt;/span&gt; &lt;span class=&quot;err&quot;&gt;para&lt;/span&gt; &lt;span class=&quot;err&quot;&gt;baixo.&lt;/span&gt;
&lt;span class=&quot;p&quot;&gt;}&lt;/span&gt;&lt;span class=&quot;w&quot;&gt;
&lt;/span&gt;&lt;/pre&gt;&lt;/td&gt;&lt;/tr&gt;&lt;/tbody&gt;&lt;/table&gt;&lt;/code&gt;&lt;/pre&gt;&lt;/figure&gt;

&lt;p&gt;No exemplo abaixo, deixaremos um elemento com o dobro de seu tamanho, outro com o 2x o tamanho de seu width e 4x o tamanho de seu height e o outro que está com o valor negativo, adivinha? de &lt;strong&gt;cabeça para baixo!&lt;/strong&gt;.&lt;/p&gt;
&lt;div class=&quot;transform scale&quot;&gt;Coloque o mouse aqui!&lt;/div&gt;
&lt;div class=&quot;transform scale-torto&quot;&gt;Coloque o mouse aqui!&lt;/div&gt;
&lt;div class=&quot;transform scale-negativo&quot;&gt;Coloque o mouse aqui!&lt;/div&gt;
&lt;figure class=&quot;highlight&quot;&gt;&lt;pre&gt;&lt;code class=&quot;language-css&quot; data-lang=&quot;css&quot;&gt;&lt;table style=&quot;border-spacing: 0&quot;&gt;&lt;tbody&gt;&lt;tr&gt;&lt;td class=&quot;gutter gl&quot; style=&quot;text-align: right&quot;&gt;&lt;pre class=&quot;lineno&quot;&gt;1
2
3
4
5
6
7
8
9
10
11
12
13
14
15
16&lt;/pre&gt;&lt;/td&gt;&lt;td class=&quot;code&quot;&gt;&lt;pre&gt;&lt;span class=&quot;nc&quot;&gt;.scale&lt;/span&gt;&lt;span class=&quot;o&quot;&gt;,&lt;/span&gt; &lt;span class=&quot;nc&quot;&gt;.scale-negativo&lt;/span&gt;&lt;span class=&quot;o&quot;&gt;,&lt;/span&gt; &lt;span class=&quot;nt&quot;&gt;scale-torto&lt;/span&gt; &lt;span class=&quot;p&quot;&gt;{&lt;/span&gt;
	&lt;span class=&quot;nl&quot;&gt;width&lt;/span&gt;&lt;span class=&quot;p&quot;&gt;:&lt;/span&gt; &lt;span class=&quot;m&quot;&gt;100px&lt;/span&gt;&lt;span class=&quot;p&quot;&gt;;&lt;/span&gt;
	&lt;span class=&quot;nl&quot;&gt;height&lt;/span&gt;&lt;span class=&quot;p&quot;&gt;:&lt;/span&gt; &lt;span class=&quot;m&quot;&gt;100px&lt;/span&gt;&lt;span class=&quot;p&quot;&gt;;&lt;/span&gt;
	&lt;span class=&quot;nl&quot;&gt;transition&lt;/span&gt;&lt;span class=&quot;p&quot;&gt;:&lt;/span&gt; &lt;span class=&quot;n&quot;&gt;transform&lt;/span&gt; &lt;span class=&quot;m&quot;&gt;1s&lt;/span&gt;&lt;span class=&quot;p&quot;&gt;;&lt;/span&gt;
&lt;span class=&quot;p&quot;&gt;}&lt;/span&gt;
&lt;span class=&quot;nc&quot;&gt;.scale&lt;/span&gt;&lt;span class=&quot;nd&quot;&gt;:hover&lt;/span&gt; &lt;span class=&quot;p&quot;&gt;{&lt;/span&gt;
	&lt;span class=&quot;nl&quot;&gt;transform&lt;/span&gt;&lt;span class=&quot;p&quot;&gt;:&lt;/span&gt; &lt;span class=&quot;n&quot;&gt;scale&lt;/span&gt;&lt;span class=&quot;p&quot;&gt;(&lt;/span&gt;&lt;span class=&quot;m&quot;&gt;2&lt;/span&gt;&lt;span class=&quot;p&quot;&gt;);&lt;/span&gt; &lt;span class=&quot;err&quot;&gt;//&lt;/span&gt; &lt;span class=&quot;err&quot;&gt;aumenta&lt;/span&gt; &lt;span class=&quot;err&quot;&gt;o&lt;/span&gt; &lt;span class=&quot;err&quot;&gt;elemento&lt;/span&gt; &lt;span class=&quot;err&quot;&gt;em&lt;/span&gt; &lt;span class=&quot;err&quot;&gt;2x&lt;/span&gt;
&lt;span class=&quot;p&quot;&gt;}&lt;/span&gt;

&lt;span class=&quot;nc&quot;&gt;.scale-torto&lt;/span&gt;&lt;span class=&quot;nd&quot;&gt;:hover&lt;/span&gt; &lt;span class=&quot;p&quot;&gt;{&lt;/span&gt;
	&lt;span class=&quot;nl&quot;&gt;transform&lt;/span&gt;&lt;span class=&quot;p&quot;&gt;:&lt;/span&gt; &lt;span class=&quot;n&quot;&gt;scale&lt;/span&gt;&lt;span class=&quot;p&quot;&gt;(&lt;/span&gt;&lt;span class=&quot;m&quot;&gt;2&lt;/span&gt;&lt;span class=&quot;p&quot;&gt;,&lt;/span&gt; &lt;span class=&quot;m&quot;&gt;4&lt;/span&gt;&lt;span class=&quot;p&quot;&gt;);&lt;/span&gt; &lt;span class=&quot;err&quot;&gt;//&lt;/span&gt; &lt;span class=&quot;err&quot;&gt;aumenta&lt;/span&gt; &lt;span class=&quot;err&quot;&gt;o&lt;/span&gt; &lt;span class=&quot;err&quot;&gt;width&lt;/span&gt; &lt;span class=&quot;err&quot;&gt;em&lt;/span&gt; &lt;span class=&quot;err&quot;&gt;2x&lt;/span&gt; &lt;span class=&quot;err&quot;&gt;e&lt;/span&gt; &lt;span class=&quot;err&quot;&gt;o&lt;/span&gt; &lt;span class=&quot;err&quot;&gt;height&lt;/span&gt; &lt;span class=&quot;err&quot;&gt;em&lt;/span&gt; &lt;span class=&quot;err&quot;&gt;4x&lt;/span&gt;
&lt;span class=&quot;p&quot;&gt;}&lt;/span&gt;

&lt;span class=&quot;nc&quot;&gt;.scale-negativo&lt;/span&gt;&lt;span class=&quot;nd&quot;&gt;:hover&lt;/span&gt; &lt;span class=&quot;p&quot;&gt;{&lt;/span&gt;
	&lt;span class=&quot;nl&quot;&gt;transform&lt;/span&gt;&lt;span class=&quot;p&quot;&gt;:&lt;/span&gt; &lt;span class=&quot;n&quot;&gt;scale&lt;/span&gt;&lt;span class=&quot;p&quot;&gt;(&lt;/span&gt;&lt;span class=&quot;m&quot;&gt;-2&lt;/span&gt;&lt;span class=&quot;p&quot;&gt;);&lt;/span&gt; &lt;span class=&quot;err&quot;&gt;//&lt;/span&gt; &lt;span class=&quot;err&quot;&gt;aumenta&lt;/span&gt; &lt;span class=&quot;err&quot;&gt;o&lt;/span&gt; &lt;span class=&quot;err&quot;&gt;elemento&lt;/span&gt; &lt;span class=&quot;err&quot;&gt;em&lt;/span&gt; &lt;span class=&quot;err&quot;&gt;2x,&lt;/span&gt; &lt;span class=&quot;err&quot;&gt;mas&lt;/span&gt; &lt;span class=&quot;err&quot;&gt;deixa&lt;/span&gt; &lt;span class=&quot;err&quot;&gt;ele&lt;/span&gt; &lt;span class=&quot;err&quot;&gt;de&lt;/span&gt; &lt;span class=&quot;err&quot;&gt;ponta&lt;/span&gt; &lt;span class=&quot;err&quot;&gt;cabeça!&lt;/span&gt;
&lt;span class=&quot;p&quot;&gt;}&lt;/span&gt;&lt;span class=&quot;w&quot;&gt;
&lt;/span&gt;&lt;/pre&gt;&lt;/td&gt;&lt;/tr&gt;&lt;/tbody&gt;&lt;/table&gt;&lt;/code&gt;&lt;/pre&gt;&lt;/figure&gt;

&lt;p&gt;O &lt;code class=&quot;code-piece&quot;&gt;scale(-1)&lt;/code&gt; é bom caso você queira inverter um elemento, deixar ele de cabeça para baixo, basta colocar o -1 no scale do elemento.&lt;/p&gt;

&lt;p&gt;Como o translate, o scale também possui os seus métodos para alterar apenas um eixo, o &lt;strong&gt;scaleX&lt;/strong&gt; e &lt;strong&gt;scaleY&lt;/strong&gt;.&lt;/p&gt;

&lt;hr&gt;

&lt;h3&gt;O método skew&lt;/h3&gt;

&lt;p&gt;O skew serve para &lt;del&gt;entortar&lt;/del&gt; &lt;strong&gt;distorcer um elemento&lt;/strong&gt; no eixo X ou no eixo Y, dependendo do parâmetro passado, &lt;code class=&quot;code-piece&quot;&gt;transform: skew(x,y)&lt;/code&gt;, também como o rotate, os valores são passados em &lt;em&gt;degrees&lt;/em&gt;.;&lt;/p&gt;
&lt;p&gt;No exemplo abaixo distorceremos um elemento 10 graus no eixo X e 5 graus no eixo Y.&lt;/p&gt;

&lt;div class=&quot;transform skew&quot;&gt;Coloque o mouse aqui!&lt;/div&gt;
&lt;figure class=&quot;highlight&quot;&gt;&lt;pre&gt;&lt;code class=&quot;language-css&quot; data-lang=&quot;css&quot;&gt;&lt;table style=&quot;border-spacing: 0&quot;&gt;&lt;tbody&gt;&lt;tr&gt;&lt;td class=&quot;gutter gl&quot; style=&quot;text-align: right&quot;&gt;&lt;pre class=&quot;lineno&quot;&gt;1
2
3&lt;/pre&gt;&lt;/td&gt;&lt;td class=&quot;code&quot;&gt;&lt;pre&gt;&lt;span class=&quot;nc&quot;&gt;.skew&lt;/span&gt; &lt;span class=&quot;p&quot;&gt;{&lt;/span&gt;
	&lt;span class=&quot;nl&quot;&gt;transform&lt;/span&gt;&lt;span class=&quot;p&quot;&gt;:&lt;/span&gt; &lt;span class=&quot;n&quot;&gt;skew&lt;/span&gt;&lt;span class=&quot;p&quot;&gt;(&lt;/span&gt;&lt;span class=&quot;m&quot;&gt;10deg&lt;/span&gt;&lt;span class=&quot;p&quot;&gt;,&lt;/span&gt; &lt;span class=&quot;m&quot;&gt;5deg&lt;/span&gt;&lt;span class=&quot;p&quot;&gt;);&lt;/span&gt;
&lt;span class=&quot;p&quot;&gt;}&lt;/span&gt;&lt;span class=&quot;w&quot;&gt;
&lt;/span&gt;&lt;/pre&gt;&lt;/td&gt;&lt;/tr&gt;&lt;/tbody&gt;&lt;/table&gt;&lt;/code&gt;&lt;/pre&gt;&lt;/figure&gt;

&lt;p&gt;Caso você passe &lt;strong&gt;apenas um parâmetro&lt;/strong&gt;, como por exemplo: &lt;code class=&quot;code-piece&quot;&gt;transform: skew(20deg);&lt;/code&gt; o elemento será distorcido apenas no eixo X.&lt;/p&gt;

&lt;div class=&quot;transform skew-um-parametro&quot;&gt;Coloque o mouse aqui!&lt;/div&gt;
&lt;figure class=&quot;highlight&quot;&gt;&lt;pre&gt;&lt;code class=&quot;language-css&quot; data-lang=&quot;css&quot;&gt;&lt;table style=&quot;border-spacing: 0&quot;&gt;&lt;tbody&gt;&lt;tr&gt;&lt;td class=&quot;gutter gl&quot; style=&quot;text-align: right&quot;&gt;&lt;pre class=&quot;lineno&quot;&gt;1
2
3&lt;/pre&gt;&lt;/td&gt;&lt;td class=&quot;code&quot;&gt;&lt;pre&gt;&lt;span class=&quot;nc&quot;&gt;.skew&lt;/span&gt; &lt;span class=&quot;p&quot;&gt;{&lt;/span&gt;
	&lt;span class=&quot;nl&quot;&gt;transform&lt;/span&gt;&lt;span class=&quot;p&quot;&gt;:&lt;/span&gt; &lt;span class=&quot;n&quot;&gt;skew&lt;/span&gt;&lt;span class=&quot;p&quot;&gt;(&lt;/span&gt;&lt;span class=&quot;m&quot;&gt;20deg&lt;/span&gt;&lt;span class=&quot;p&quot;&gt;);&lt;/span&gt;
&lt;span class=&quot;p&quot;&gt;}&lt;/span&gt;&lt;span class=&quot;w&quot;&gt;
&lt;/span&gt;&lt;/pre&gt;&lt;/td&gt;&lt;/tr&gt;&lt;/tbody&gt;&lt;/table&gt;&lt;/code&gt;&lt;/pre&gt;&lt;/figure&gt;

&lt;p&gt;Podemos também distorcer apenas um dos eixos separadamente, para isso, existem o &lt;strong&gt;skewX&lt;/strong&gt; e o &lt;strong&gt;skewY&lt;/strong&gt;.&lt;/p&gt;

&lt;h4&gt;SkewX&lt;/h4&gt;

&lt;p&gt;Serve para distorcer apenas o eixo X, &lt;code class=&quot;code-piece&quot;&gt;transform: skewX(15deg)&lt;/code&gt;, irá distorcer 15 graus no eixo X.&lt;/p&gt;
&lt;div class=&quot;transform skewX&quot;&gt;Coloque o mouse aqui!&lt;/div&gt;
&lt;figure class=&quot;highlight&quot;&gt;&lt;pre&gt;&lt;code class=&quot;language-css&quot; data-lang=&quot;css&quot;&gt;&lt;table style=&quot;border-spacing: 0&quot;&gt;&lt;tbody&gt;&lt;tr&gt;&lt;td class=&quot;gutter gl&quot; style=&quot;text-align: right&quot;&gt;&lt;pre class=&quot;lineno&quot;&gt;1
2
3&lt;/pre&gt;&lt;/td&gt;&lt;td class=&quot;code&quot;&gt;&lt;pre&gt;&lt;span class=&quot;nc&quot;&gt;.skewX&lt;/span&gt; &lt;span class=&quot;p&quot;&gt;{&lt;/span&gt;
	&lt;span class=&quot;nl&quot;&gt;transform&lt;/span&gt;&lt;span class=&quot;p&quot;&gt;:&lt;/span&gt; &lt;span class=&quot;n&quot;&gt;skewX&lt;/span&gt;&lt;span class=&quot;p&quot;&gt;(&lt;/span&gt;&lt;span class=&quot;m&quot;&gt;15deg&lt;/span&gt;&lt;span class=&quot;p&quot;&gt;);&lt;/span&gt;
&lt;span class=&quot;p&quot;&gt;}&lt;/span&gt;&lt;span class=&quot;w&quot;&gt;
&lt;/span&gt;&lt;/pre&gt;&lt;/td&gt;&lt;/tr&gt;&lt;/tbody&gt;&lt;/table&gt;&lt;/code&gt;&lt;/pre&gt;&lt;/figure&gt;

&lt;h4&gt;SkewY&lt;/h4&gt;

&lt;p&gt;Serve para distorcer apenas o eixo Y, &lt;code class=&quot;code-piece&quot;&gt;transform: skewY(15deg)&lt;/code&gt;, irá distorcer 15 graus no eixo Y.&lt;/p&gt;
&lt;div class=&quot;transform skewY&quot;&gt;Coloque o mouse aqui!&lt;/div&gt;
&lt;figure class=&quot;highlight&quot;&gt;&lt;pre&gt;&lt;code class=&quot;language-css&quot; data-lang=&quot;css&quot;&gt;&lt;table style=&quot;border-spacing: 0&quot;&gt;&lt;tbody&gt;&lt;tr&gt;&lt;td class=&quot;gutter gl&quot; style=&quot;text-align: right&quot;&gt;&lt;pre class=&quot;lineno&quot;&gt;1
2
3&lt;/pre&gt;&lt;/td&gt;&lt;td class=&quot;code&quot;&gt;&lt;pre&gt;&lt;span class=&quot;nc&quot;&gt;.skewY&lt;/span&gt; &lt;span class=&quot;p&quot;&gt;{&lt;/span&gt;
	&lt;span class=&quot;nl&quot;&gt;transform&lt;/span&gt;&lt;span class=&quot;p&quot;&gt;:&lt;/span&gt; &lt;span class=&quot;n&quot;&gt;skewY&lt;/span&gt;&lt;span class=&quot;p&quot;&gt;(&lt;/span&gt;&lt;span class=&quot;m&quot;&gt;15deg&lt;/span&gt;&lt;span class=&quot;p&quot;&gt;);&lt;/span&gt;
&lt;span class=&quot;p&quot;&gt;}&lt;/span&gt;&lt;span class=&quot;w&quot;&gt;
&lt;/span&gt;&lt;/pre&gt;&lt;/td&gt;&lt;/tr&gt;&lt;/tbody&gt;&lt;/table&gt;&lt;/code&gt;&lt;/pre&gt;&lt;/figure&gt;

&lt;hr&gt;

&lt;h3&gt;O método matrix&lt;/h3&gt;

&lt;p&gt;Calma, calma, esse método não irá fazer chover caracteres verdes num fundo preto...&lt;/p&gt;

&lt;p&gt;O &lt;strong&gt;matrix&lt;/strong&gt; é a junção de métodos 2D do transform, ele é bem complexo em relação aos outros, você precisa passar 6 parâmetros que são métodos anteriores, um exemplo seria esse: &lt;code class=&quot;code-piece&quot;&gt;transform: matrix(scaleX(), skewY(), skewX(), scaleY(), translateX(), translateY())&lt;/code&gt;.&lt;/p&gt;

&lt;p&gt;Se quiser ter um exemplo de uso do matrix no mundo real, de uma olhada nesse site: &lt;a href=&quot;https://onlycoin.com/&quot; target=&quot;_blank&quot; rel=&quot;nofollow&quot; title=&quot;OnlyCoin&quot;&gt;Coin&lt;/a&gt; (no computador, não em mobile) Todo o efeito dos cartões são gerados através do matrix.&lt;/p&gt;

&lt;p&gt;Para entender melhor como funciona o matrix, que envolve &lt;del&gt;calculos malucos&lt;/del&gt; matemática, sugiro esse artigo &lt;strong&gt;&lt;a href=&quot;http://www.useragentman.com/blog/2011/01/07/css3-matrix-transform-for-the-mathematically-challenged/&quot; target=&quot;_blank&quot; rel=&quot;nofollow&quot;&gt;aqui&lt;/a&gt;&lt;/strong&gt;&lt;/p&gt;

&lt;p&gt;E também tem esse matrix generator que você pode dar uma brincada: &lt;a href=&quot;http://ds-overdesign.com/transform/matrix3d.html&quot; target=&quot;_blank&quot; rel=&quot;nofollow&quot;&gt;matrix3d&lt;/a&gt;&lt;/p&gt;

&lt;p&gt;Aqui temos um exemplo utilizando o matrix:&lt;/p&gt;

&lt;div class=&quot;transform matrix&quot;&gt;Coloque o mouse aqui!&lt;/div&gt;

&lt;figure class=&quot;highlight&quot;&gt;&lt;pre&gt;&lt;code class=&quot;language-css&quot; data-lang=&quot;css&quot;&gt;&lt;table style=&quot;border-spacing: 0&quot;&gt;&lt;tbody&gt;&lt;tr&gt;&lt;td class=&quot;gutter gl&quot; style=&quot;text-align: right&quot;&gt;&lt;pre class=&quot;lineno&quot;&gt;1
2
3&lt;/pre&gt;&lt;/td&gt;&lt;td class=&quot;code&quot;&gt;&lt;pre&gt;&lt;span class=&quot;nc&quot;&gt;.matrix&lt;/span&gt; &lt;span class=&quot;p&quot;&gt;{&lt;/span&gt;
	&lt;span class=&quot;nl&quot;&gt;transform&lt;/span&gt;&lt;span class=&quot;p&quot;&gt;:&lt;/span&gt; &lt;span class=&quot;n&quot;&gt;matrix&lt;/span&gt;&lt;span class=&quot;p&quot;&gt;(&lt;/span&gt;&lt;span class=&quot;m&quot;&gt;2&lt;/span&gt;&lt;span class=&quot;p&quot;&gt;,&lt;/span&gt; &lt;span class=&quot;m&quot;&gt;1&lt;/span&gt;&lt;span class=&quot;p&quot;&gt;,&lt;/span&gt; &lt;span class=&quot;m&quot;&gt;1&lt;/span&gt;&lt;span class=&quot;p&quot;&gt;,&lt;/span&gt; &lt;span class=&quot;m&quot;&gt;2&lt;/span&gt;&lt;span class=&quot;p&quot;&gt;,&lt;/span&gt; &lt;span class=&quot;m&quot;&gt;200&lt;/span&gt;&lt;span class=&quot;p&quot;&gt;,&lt;/span&gt; &lt;span class=&quot;m&quot;&gt;200&lt;/span&gt;&lt;span class=&quot;p&quot;&gt;)&lt;/span&gt;
&lt;span class=&quot;p&quot;&gt;}&lt;/span&gt;&lt;span class=&quot;w&quot;&gt;
&lt;/span&gt;&lt;/pre&gt;&lt;/td&gt;&lt;/tr&gt;&lt;/tbody&gt;&lt;/table&gt;&lt;/code&gt;&lt;/pre&gt;&lt;/figure&gt;

&lt;p&gt;O matrix vai se comportar da seguinte maneira, irá aumentar o scale no eixo X em 2x, vai distorcer o eixo Y e o eixo X em 1 grau, vai aumentar o scale no eixo Y em 2x, irá mover o elemento 200px para a direita e 200px para baixo.&lt;/p&gt;
&lt;p&gt;Traduzindo os parâmetros do matrix para os outros métodos, ficaria assim: &lt;code class=&quot;code-piece&quot;&gt;transform: matrix(scaleX(2), skewY(1), skewX(1), scaleY(2), translateX(200), translateY(200));&lt;/code&gt;&lt;/p&gt;

&lt;h2 class=&quot;post-subtitle&quot;&gt;E o suporte dos navegadores?&lt;/h2&gt;
&lt;p&gt;Os navegadores atuais não possuem problema algum em renderizar o transform, mas é aconselhavel utilizar os prefixos -webkit-, -moz- e -ms-, caso você queira dar suporte a versões realmente antigas do Chrome e do Firefox, o IE suporta apenas a partir do 9 (com o prefixo) o 10 pra cima já não precisa de prefixo.&lt;/p&gt;

&lt;p&gt;Existe esse site bem bacaninha para você checar o suporte do transform e de qualquer outra regra, &lt;a href=&quot;http://caniuse.com/#search=transform&quot; rel=&quot;nofollow&quot; target=&quot;_blank&quot;&gt;CanIUse?&lt;/a&gt;.&lt;/p&gt;

&lt;h2 class=&quot;post-subtitle&quot;&gt;Conclusão:&lt;/h2&gt;

&lt;p&gt;O transform do CSS3 juntamente com o transition permite criar animações muito bem elaboradas, basta usar sua criatividade, o translate também é muito usado para centralizar objetos na tela, como um modal, por exemplo. Uma técnica muito usada é a seguinte:&lt;/p&gt;

&lt;figure class=&quot;highlight&quot;&gt;&lt;pre&gt;&lt;code class=&quot;language-css&quot; data-lang=&quot;css&quot;&gt;&lt;table style=&quot;border-spacing: 0&quot;&gt;&lt;tbody&gt;&lt;tr&gt;&lt;td class=&quot;gutter gl&quot; style=&quot;text-align: right&quot;&gt;&lt;pre class=&quot;lineno&quot;&gt;1
2
3
4
5
6
7
8&lt;/pre&gt;&lt;/td&gt;&lt;td class=&quot;code&quot;&gt;&lt;pre&gt;&lt;span class=&quot;nc&quot;&gt;.modal&lt;/span&gt; &lt;span class=&quot;p&quot;&gt;{&lt;/span&gt;
	&lt;span class=&quot;nl&quot;&gt;width&lt;/span&gt;&lt;span class=&quot;p&quot;&gt;:&lt;/span&gt; &lt;span class=&quot;m&quot;&gt;100px&lt;/span&gt;&lt;span class=&quot;p&quot;&gt;;&lt;/span&gt;
	&lt;span class=&quot;nl&quot;&gt;height&lt;/span&gt;&lt;span class=&quot;p&quot;&gt;:&lt;/span&gt; &lt;span class=&quot;m&quot;&gt;100px&lt;/span&gt;&lt;span class=&quot;p&quot;&gt;;&lt;/span&gt;
	&lt;span class=&quot;nl&quot;&gt;position&lt;/span&gt;&lt;span class=&quot;p&quot;&gt;:&lt;/span&gt; &lt;span class=&quot;nb&quot;&gt;fixed&lt;/span&gt;&lt;span class=&quot;p&quot;&gt;;&lt;/span&gt;
	&lt;span class=&quot;nl&quot;&gt;top&lt;/span&gt;&lt;span class=&quot;p&quot;&gt;:&lt;/span&gt; &lt;span class=&quot;m&quot;&gt;50%&lt;/span&gt;&lt;span class=&quot;p&quot;&gt;;&lt;/span&gt;
	&lt;span class=&quot;nl&quot;&gt;left&lt;/span&gt;&lt;span class=&quot;p&quot;&gt;:&lt;/span&gt; &lt;span class=&quot;m&quot;&gt;50%&lt;/span&gt;&lt;span class=&quot;p&quot;&gt;;&lt;/span&gt;
	&lt;span class=&quot;nl&quot;&gt;transform&lt;/span&gt;&lt;span class=&quot;p&quot;&gt;:&lt;/span&gt; &lt;span class=&quot;n&quot;&gt;translate&lt;/span&gt;&lt;span class=&quot;p&quot;&gt;(&lt;/span&gt;&lt;span class=&quot;m&quot;&gt;-50%&lt;/span&gt;&lt;span class=&quot;p&quot;&gt;,&lt;/span&gt; &lt;span class=&quot;m&quot;&gt;-50%&lt;/span&gt;&lt;span class=&quot;p&quot;&gt;);&lt;/span&gt;
&lt;span class=&quot;p&quot;&gt;}&lt;/span&gt;&lt;span class=&quot;w&quot;&gt;
&lt;/span&gt;&lt;/pre&gt;&lt;/td&gt;&lt;/tr&gt;&lt;/tbody&gt;&lt;/table&gt;&lt;/code&gt;&lt;/pre&gt;&lt;/figure&gt;

&lt;p&gt;Onde você coloca 50% de distância do topo e da esqueda da janela do navegador, e acerta a centralização com o translate. Mas isso é assunto pra um próximo artigo.&lt;/p&gt;
&lt;p&gt;Também existem os efeitos 3D que logo, logo também estarei criando um artigo sobre eles.&lt;/p&gt;</description>
        <pubDate>Fri, 01 Apr 2016 00:00:00 -0300</pubDate>
        <link>http://allysson.me/css/transform-do-css3.html</link>
        <guid isPermaLink="true">http://allysson.me/css/transform-do-css3.html</guid>
        
        
        <category>CSS</category>
        
      </item>
    
  </channel>
</rss>
